Iac Iac Real,
Slice:frequency=10000.0[MHz] ,
voltage ,Iac 
-0.5,4.1739902371773496e-05
0.0,2.5227969672414474e-05
0.5,2.0506624423433095e-05
1.0,1.75466229848098e-05
1.5,1.5354038623627275e-05
2.0,1.363885894534178e-05
2.5,1.2260616131243296e-05
3.0,1.1124559023301117e-05
3.5,1.0173674127145205e-05
4.0,9.36926699068863e-06
