Iac Iac Imaginary,
Slice:frequency=10000.0[MHz] ,
voltage ,Iac 
-0.5,0.00013361239689402282
0.0,0.00010732445662142709
0.5,9.763878188095987e-05
1.0,9.087603393709287e-05
1.5,8.545100718038157e-05
2.0,8.091159543255344e-05
2.5,7.704112795181572e-05
3.0,7.367679063463584e-05
3.5,7.072128937579691e-05
4.0,6.81075471220538e-05
